player_id,previous_team_id,next_team_id,start_year_previous_team,start_year_next_team,end_year_next_team
207234.0,9931.0,9956.0,2011,2012,2013
207234.0,9956.0,9931.0,2012,2014,2016
92252.0,10243.0,10199.0,2015,2016,2016
95216.0,9956.0,9931.0,2012,2015,2016
166557.0,10192.0,9956.0,2011,2012,2015
41116.0,9931.0,10243.0,2011,2014,2016
246422.0,7869.0,8370.0,2014,2016,2016
172324.0,10205.0,8370.0,2013,2014,2015
38469.0,9865.0,8581.0,2013,2015,2016
280485.0,9865.0,8581.0,2013,2015,2016
202610.0,10268.0,7869.0,2013,2014,2015
143795.0,10281.0,7869.0,2013,2014,2015
213504.0,10281.0,8581.0,2013,2015,2016
37653.0,8371.0,9783.0,2013,2015,2016
213653.0,9910.0,9864.0,2013,2015,2016
192064.0,9910.0,8370.0,2013,2015,2016
103905.0,8603.0,9783.0,2013,2014,2016
241825.0,8305.0,10267.0,2012,2014,2016
213814.0,8370.0,8558.0,2013,2015,2015
51949.0,8581.0,8633.0,2012,2015,2016
260659.0,8661.0,9865.0,2012,2014,2015
39215.0,9910.0,8302.0,2012,2015,2016
46391.0,9910.0,8305.0,2012,2014,2016
37654.0,8394.0,8558.0,2012,2014,2015
46808.0,10281.0,9864.0,2012,2015,2015
46808.0,9864.0,8370.0,2015,2016,2016
183346.0,10281.0,8581.0,2012,2014,2014
18673.0,8581.0,9910.0,2012,2013,2016
40672.0,8558.0,8633.0,2012,2015,2016
150731.0,8603.0,8370.0,2011,2014,2016
102879.0,8603.0,8558.0,2011,2014,2016
191315.0,9864.0,8633.0,2011,2013,2016
88986.0,10205.0,8558.0,2011,2015,2016
213812.0,9910.0,7869.0,2014,2015,2015
191906.0,8370.0,8371.0,2011,2012,2013
191906.0,8371.0,8302.0,2012,2014,2014
191906.0,8302.0,9783.0,2014,2015,2016
2768.0,8603.0,10205.0,2011,2013,2015
2768.0,10205.0,8370.0,2013,2016,2016
45749.0,8603.0,8315.0,2011,2014,2016
104986.0,8371.0,9773.0,2011,2014,2014
39792.0,9906.0,8634.0,2011,2016,2016
213482.0,9906.0,8370.0,2011,2012,2012
213482.0,8370.0,9906.0,2012,2013,2013
183350.0,8371.0,8603.0,2011,2015,2016
111237.0,8581.0,8302.0,2011,2013,2016
205278.0,8560.0,8633.0,2011,2013,2015
205278.0,8633.0,8560.0,2013,2016,2016
182928.0,8661.0,8558.0,2011,2012,2013
58294.0,8581.0,8558.0,2010,2012,2015
193978.0,8661.0,10205.0,2010,2013,2016
37656.0,9864.0,8370.0,2010,2013,2013
37656.0,8370.0,9865.0,2013,2014,2014
37656.0,9865.0,8581.0,2014,2015,2015
173885.0,10205.0,8371.0,2010,2013,2014
193226.0,9864.0,8603.0,2010,2015,2016
172948.0,8634.0,8661.0,2010,2012,2012
172948.0,8661.0,9910.0,2012,2013,2015
184138.0,8560.0,9906.0,2010,2015,2016
38540.0,8560.0,8315.0,2010,2016,2016
37421.0,8560.0,8634.0,2010,2014,2016
2805.0,9783.0,8305.0,2010,2012,2012
2805.0,8305.0,10268.0,2012,2013,2014
191136.0,8315.0,9910.0,2010,2013,2014
191136.0,9910.0,8315.0,2013,2015,2015
189922.0,9906.0,8371.0,2010,2011,2012
10348.0,10267.0,8370.0,2010,2012,2013
150739.0,10267.0,8634.0,2010,2012,2016
169196.0,10205.0,8603.0,2010,2011,2014
46836.0,8581.0,8558.0,2012,2016,2016
80492.0,8661.0,10268.0,2012,2013,2013
150649.0,8633.0,10267.0,2010,2012,2014
150649.0,10267.0,8560.0,2012,2015,2015
18784.0,8302.0,8371.0,2011,2012,2014
107929.0,8302.0,10268.0,2012,2014,2014
38131.0,8302.0,8661.0,2010,2012,2013
107930.0,8305.0,8558.0,2010,2012,2016
38886.0,9869.0,8371.0,2010,2013,2014
71498.0,9910.0,8302.0,2013,2014,2014
71498.0,8302.0,8306.0,2014,2015,2016
34268.0,10192.0,10243.0,2010,2014,2016
32764.0,8560.0,8370.0,2010,2011,2012
38151.0,8302.0,8371.0,2010,2011,2014
74435.0,9906.0,10268.0,2013,2014,2015
37479.0,8302.0,8305.0,2010,2012,2015
33028.0,10267.0,8315.0,2011,2012,2016
37451.0,8305.0,9783.0,2012,2014,2016
37579.0,10268.0,8370.0,2013,2014,2015
30909.0,8634.0,9906.0,2010,2013,2014
33871.0,8371.0,9906.0,2012,2013,2015
33871.0,9906.0,8315.0,2013,2016,2016
37622.0,8305.0,9865.0,2010,2014,2015
33845.0,8305.0,9906.0,2011,2014,2015
150872.0,10205.0,8558.0,2011,2012,2013
150872.0,8558.0,9925.0,2012,2014,2014
150872.0,9925.0,8306.0,2014,2015,2016
159373.0,7841.0,8597.0,2013,2014,2016
200612.0,9938.0,9925.0,2013,2015,2016
22952.0,8485.0,9800.0,2011,2014,2015
25411.0,8191.0,9800.0,2010,2011,2015
190851.0,9800.0,8485.0,2010,2016,2016
171803.0,8548.0,8485.0,2011,2013,2013
171803.0,8485.0,9800.0,2013,2014,2015
180137.0,8485.0,8597.0,2010,2014,2016
162548.0,9927.0,9938.0,2011,2012,2016
111885.0,9925.0,8394.0,2010,2011,2012
33914.0,9800.0,8597.0,2010,2014,2015
33914.0,8597.0,9927.0,2014,2016,2016
118896.0,8467.0,8485.0,2013,2014,2016
23117.0,9927.0,8467.0,2014,2015,2015
40719.0,10268.0,10264.0,2013,2016,2016
11758.0,8394.0,9864.0,2010,2011,2014
11758.0,9864.0,9772.0,2011,2015,2016
39122.0,10267.0,9772.0,2011,2014,2016
45744.0,9783.0,9906.0,2010,2011,2014
45744.0,9906.0,10205.0,2011,2015,2016
208494.0,8633.0,9773.0,2013,2014,2014
208494.0,9773.0,8633.0,2014,2015,2016
181211.0,7844.0,9931.0,2014,2016,2016
201111.0,9773.0,8560.0,2014,2016,2016
40139.0,9906.0,10267.0,2014,2016,2016
210065.0,6403.0,7869.0,2013,2015,2015
210065.0,7869.0,8370.0,2015,2016,2016
51360.0,9773.0,9906.0,2012,2016,2016
208077.0,9773.0,8633.0,2012,2015,2016
33800.0,10212.0,10215.0,2011,2012,2012
33800.0,10215.0,10264.0,2012,2013,2013
154259.0,8634.0,9768.0,2010,2011,2013
154259.0,9768.0,10281.0,2011,2014,2014
177126.0,7841.0,9772.0,2013,2014,2014
177126.0,9772.0,9906.0,2014,2015,2016
184114.0,10212.0,9768.0,2011,2014,2014
184114.0,9768.0,7869.0,2014,2015,2015
184114.0,7869.0,7841.0,2015,2016,2016
179407.0,7844.0,8581.0,2011,2014,2015
213486.0,9772.0,9910.0,2011,2013,2016
46265.0,10215.0,8721.0,2011,2012,2012
43303.0,7841.0,6403.0,2011,2012,2016
115512.0,6403.0,10215.0,2011,2012,2012
115512.0,10215.0,10212.0,2012,2013,2013
178461.0,7844.0,10214.0,2010,2015,2015
40951.0,7841.0,9783.0,2010,2012,2012
40951.0,9783.0,7841.0,2012,2013,2015
150093.0,9906.0,9772.0,2010,2011,2015
40968.0,10264.0,10215.0,2010,2011,2014
97498.0,10264.0,8302.0,2012,2014,2016
186748.0,6403.0,9783.0,2010,2012,2012
186748.0,9783.0,8558.0,2012,2013,2014
186748.0,8558.0,9772.0,2013,2015,2016
19372.0,7841.0,10215.0,2010,2012,2013
181190.0,10238.0,10212.0,2010,2014,2015
78544.0,10264.0,9772.0,2011,2012,2015
40955.0,10264.0,7841.0,2011,2012,2016
115798.0,8302.0,8581.0,2012,2014,2014
115798.0,8581.0,8305.0,2014,2015,2015
115798.0,8305.0,10212.0,2015,2016,2016
24590.0,7844.0,6403.0,2011,2012,2016
150081.0,10264.0,9906.0,2010,2011,2012
150081.0,9906.0,9783.0,2011,2013,2013
150081.0,9783.0,9772.0,2013,2014,2015
29580.0,9768.0,9783.0,2010,2012,2013
12766.0,8394.0,10268.0,2012,2014,2014
40930.0,10215.0,9768.0,2011,2013,2016
150045.0,9773.0,8394.0,2010,2011,2012
150045.0,8394.0,10264.0,2011,2013,2015
31298.0,10214.0,10238.0,2010,2011,2012
11754.0,10264.0,9772.0,2012,2014,2014
116872.0,1601.0,1957.0,2013,2014,2015
206829.0,8030.0,10238.0,2014,2016,2016
115724.0,1601.0,8030.0,2013,2016,2016
69637.0,8030.0,1957.0,2013,2015,2016
68732.0,8025.0,1601.0,2013,2015,2016
206844.0,1601.0,10265.0,2013,2015,2015
69553.0,8030.0,1957.0,2013,2015,2016
142282.0,9938.0,2182.0,2010,2014,2015
138159.0,1601.0,10265.0,2013,2014,2015
30975.0,8025.0,8030.0,2013,2015,2016
114816.0,1957.0,8673.0,2013,2016,2016
92375.0,10265.0,9783.0,2013,2014,2014
139895.0,10265.0,1957.0,2013,2016,2016
198099.0,2182.0,8673.0,2012,2013,2015
186968.0,2182.0,8030.0,2011,2014,2014
154268.0,10215.0,9768.0,2012,2013,2014
154268.0,9768.0,10217.0,2013,2015,2015
154268.0,10217.0,10264.0,2015,2016,2016
210956.0,8611.0,9773.0,2013,2016,2016
185389.0,10228.0,8344.0,2013,2014,2014
243429.0,10229.0,8674.0,2012,2013,2013
143512.0,8593.0,8674.0,2012,2014,2016
66633.0,8226.0,8371.0,2010,2011,2012
66633.0,8371.0,10228.0,2011,2013,2014
240235.0,10212.0,9773.0,2013,2015,2016
73462.0,10228.0,10003.0,2012,2016,2016
193322.0,8674.0,10212.0,2012,2013,2013
193322.0,10212.0,10214.0,2013,2014,2015
193322.0,10214.0,10238.0,2014,2016,2016
71764.0,9908.0,10192.0,2011,2013,2016
243430.0,10235.0,10228.0,2013,2015,2016
209361.0,8593.0,9761.0,2010,2011,2012
178762.0,9791.0,8593.0,2011,2014,2014
178762.0,8593.0,10228.0,2014,2015,2015
209786.0,8611.0,10229.0,2011,2012,2015
147594.0,9791.0,8674.0,2013,2015,2016
158581.0,10228.0,8640.0,2010,2012,2016
211020.0,10235.0,8611.0,2010,2012,2012
211020.0,8611.0,10217.0,2012,2013,2014
211020.0,10217.0,8611.0,2013,2015,2016
178765.0,8277.0,8640.0,2010,2016,2016
212511.0,10235.0,9773.0,2010,2014,2016
109639.0,9761.0,10228.0,2012,2014,2015
178753.0,9761.0,10229.0,2010,2013,2014
178753.0,10229.0,8593.0,2013,2015,2016
186136.0,9791.0,10235.0,2010,2013,2013
26547.0,9791.0,8640.0,2010,2015,2015
193177.0,8640.0,9768.0,2010,2013,2013
193177.0,9768.0,8277.0,2013,2014,2015
112107.0,10235.0,10228.0,2010,2015,2016
188557.0,10217.0,9908.0,2010,2014,2014
188557.0,9908.0,10235.0,2014,2015,2016
26010.0,8560.0,9761.0,2011,2012,2015
109649.0,8277.0,10235.0,2012,2016,2016
78409.0,8593.0,9925.0,2011,2013,2014
164246.0,10229.0,8593.0,2011,2015,2016
70812.0,8558.0,8640.0,2011,2016,2016
45860.0,10235.0,10217.0,2011,2015,2016
45879.0,8611.0,9908.0,2011,2014,2016
45482.0,9761.0,9791.0,2011,2012,2015
150119.0,8277.0,10235.0,2014,2016,2016
110116.0,8611.0,9791.0,2013,2015,2015
26453.0,9768.0,8640.0,2011,2014,2016
31296.0,10228.0,9791.0,2011,2015,2016
45496.0,10228.0,9908.0,2013,2015,2016
42704.0,8640.0,9908.0,2011,2013,2014
42704.0,9908.0,10217.0,2013,2015,2016
17855.0,9908.0,10217.0,2011,2016,2016
26671.0,9908.0,10229.0,2010,2014,2014
42527.0,10179.0,9956.0,2010,2013,2015
213704.0,8634.0,9773.0,2012,2014,2015
213704.0,9773.0,8535.0,2014,2016,2016
213688.0,8634.0,8636.0,2011,2015,2015
213688.0,8636.0,8603.0,2015,2016,2016
46078.0,8593.0,9882.0,2012,2016,2016
46297.0,9906.0,10233.0,2014,2015,2016
157865.0,9773.0,9885.0,2012,2015,2016
19327.0,9906.0,8636.0,2011,2015,2016
39294.0,8534.0,8524.0,2014,2015,2015
26310.0,9906.0,10167.0,2013,2015,2015
161662.0,8533.0,7943.0,2013,2015,2015
41466.0,8302.0,8564.0,2013,2014,2015
161015.0,8370.0,10233.0,2013,2015,2015
161015.0,10233.0,8686.0,2015,2016,2016
101422.0,10233.0,8686.0,2014,2016,2016
198583.0,10268.0,8524.0,2013,2014,2014
213501.0,8633.0,9885.0,2013,2015,2016
41688.0,8534.0,9875.0,2014,2015,2016
192079.0,8529.0,9857.0,2014,2016,2016
188555.0,10235.0,8543.0,2010,2015,2015
178732.0,8686.0,8534.0,2014,2016,2016
127374.0,8686.0,8524.0,2014,2015,2016
67008.0,8472.0,10233.0,2013,2014,2014
67008.0,10233.0,10243.0,2014,2015,2015
40648.0,8633.0,8603.0,2011,2014,2016
212645.0,8564.0,8534.0,2013,2015,2016
31672.0,10192.0,9804.0,2011,2014,2015
37824.0,9864.0,8535.0,2012,2013,2015
37824.0,8535.0,8603.0,2013,2016,2016
33030.0,9885.0,8302.0,2013,2016,2016
181920.0,8537.0,8533.0,2013,2014,2015
114558.0,8640.0,8686.0,2011,2013,2016
46104.0,8640.0,9875.0,2011,2013,2016
150330.0,8633.0,9875.0,2011,2013,2016
34029.0,8633.0,9875.0,2010,2013,2016
150395.0,7943.0,8529.0,2013,2015,2015
31303.0,8371.0,8603.0,2010,2012,2012
31303.0,8603.0,8540.0,2012,2013,2013
31303.0,8540.0,9865.0,2013,2014,2014
79013.0,7844.0,9768.0,2010,2011,2012
79013.0,9768.0,8543.0,2011,2013,2015
150410.0,9804.0,9882.0,2012,2013,2014
182606.0,9885.0,7943.0,2012,2014,2014
35497.0,8593.0,8535.0,2010,2012,2013
35497.0,8535.0,9864.0,2012,2014,2014
35497.0,9864.0,10229.0,2014,2015,2015
110378.0,8686.0,8530.0,2012,2013,2013
161661.0,8533.0,10233.0,2012,2013,2013
161661.0,10233.0,8533.0,2013,2014,2014
26797.0,9882.0,10229.0,2013,2014,2015
184999.0,9882.0,10267.0,2012,2015,2016
73977.0,9804.0,10199.0,2012,2015,2015
188652.0,8600.0,9875.0,2012,2015,2016
177874.0,8686.0,8636.0,2012,2015,2015
177874.0,8636.0,9882.0,2015,2016,2016
130155.0,9804.0,8636.0,2012,2014,2016
181910.0,10233.0,8529.0,2011,2012,2012
96645.0,9882.0,7943.0,2012,2013,2014
176186.0,8535.0,9885.0,2012,2015,2016
27658.0,9857.0,9880.0,2011,2014,2015
210278.0,8600.0,9885.0,2012,2015,2016
182791.0,8600.0,8540.0,2012,2013,2013
37537.0,8524.0,9880.0,2013,2014,2015
172899.0,8524.0,9882.0,2011,2013,2014
172899.0,9882.0,9875.0,2013,2015,2016
73024.0,8533.0,8564.0,2012,2013,2013
73024.0,8564.0,7943.0,2013,2014,2016
19352.0,8636.0,10167.0,2011,2012,2012
19352.0,10167.0,8636.0,2012,2013,2014
103424.0,8600.0,8558.0,2011,2013,2014
162497.0,8686.0,8560.0,2011,2013,2014
162497.0,8560.0,9773.0,2013,2015,2016
18814.0,8686.0,10267.0,2012,2013,2013
109338.0,8636.0,8600.0,2011,2012,2013
97789.0,8540.0,10233.0,2011,2013,2013
97789.0,10233.0,8540.0,2013,2014,2014
66890.0,10192.0,8543.0,2010,2012,2016
127460.0,8524.0,8564.0,2011,2014,2016
213366.0,8540.0,10167.0,2011,2012,2014
213366.0,10167.0,9804.0,2012,2015,2016
196484.0,8600.0,9882.0,2013,2015,2016
163971.0,8558.0,8603.0,2010,2013,2014
128732.0,10229.0,9858.0,2010,2011,2011
128732.0,10268.0,8560.0,2014,2016,2016
182921.0,10267.0,10205.0,2011,2015,2016
39769.0,8543.0,9882.0,2010,2012,2012
73841.0,9857.0,8524.0,2010,2014,2016
39562.0,10233.0,8543.0,2011,2012,2016
57067.0,8543.0,9804.0,2011,2015,2015
154249.0,8686.0,8564.0,2013,2015,2015
154249.0,8564.0,9857.0,2015,2016,2016
192504.0,10233.0,8600.0,2011,2013,2013
192504.0,8600.0,9956.0,2013,2014,2014
192504.0,9956.0,8600.0,2014,2015,2015
150670.0,9976.0,9804.0,2011,2012,2016
72518.0,10233.0,8564.0,2011,2015,2016
154239.0,10233.0,8564.0,2012,2016,2016
21446.0,8543.0,9885.0,2010,2015,2016
41841.0,9857.0,8540.0,2010,2012,2012
41841.0,9857.0,8540.0,2014,2015,2015
41329.0,8686.0,8537.0,2010,2013,2013
41329.0,8537.0,10233.0,2013,2014,2014
213317.0,8530.0,9880.0,2010,2012,2012
154246.0,8636.0,10167.0,2010,2013,2014
154246.0,10167.0,8636.0,2013,2015,2015
154246.0,8636.0,9804.0,2015,2016,2016
35575.0,8540.0,8529.0,2010,2012,2013
35575.0,8529.0,10233.0,2012,2014,2014
35575.0,10233.0,8524.0,2014,2015,2016
147951.0,8540.0,8535.0,2010,2013,2016
164029.0,8540.0,10233.0,2010,2016,2016
38920.0,8533.0,8600.0,2010,2015,2016
39487.0,9858.0,8533.0,2010,2011,2016
41652.0,9858.0,9882.0,2010,2012,2013
41478.0,8529.0,9880.0,2010,2014,2015
45220.0,8530.0,8524.0,2010,2014,2016
40621.0,10167.0,8524.0,2010,2016,2016
41605.0,10167.0,9882.0,2013,2014,2015
39450.0,9858.0,9857.0,2010,2011,2014
39450.0,9857.0,8600.0,2011,2015,2015
182765.0,9880.0,8524.0,2010,2011,2012
182765.0,8524.0,8636.0,2011,2013,2013
182765.0,8636.0,10167.0,2013,2014,2014
182765.0,10167.0,8533.0,2014,2015,2015
182765.0,8533.0,9768.0,2015,2016,2016
73999.0,9880.0,10167.0,2010,2013,2014
73999.0,10167.0,8543.0,2013,2015,2016
98254.0,9880.0,8636.0,2010,2011,2016
43283.0,10233.0,9772.0,2010,2012,2012
43283.0,9772.0,10264.0,2012,2013,2014
41433.0,8529.0,8686.0,2010,2014,2016
42692.0,9976.0,8600.0,2010,2012,2013
42692.0,8600.0,9804.0,2012,2014,2016
165624.0,8535.0,9804.0,2013,2014,2014
155738.0,8535.0,8686.0,2010,2013,2014
155738.0,8686.0,8636.0,2013,2015,2016
33640.0,8530.0,9882.0,2010,2012,2012
33640.0,9882.0,8530.0,2012,2013,2013
33640.0,8530.0,9882.0,2013,2014,2014
33640.0,9882.0,9804.0,2014,2015,2016
42502.0,8529.0,8533.0,2010,2014,2014
45457.0,8394.0,8540.0,2011,2012,2012
46374.0,10233.0,8564.0,2011,2015,2016
39490.0,8686.0,9882.0,2011,2012,2013
39490.0,9882.0,8537.0,2012,2014,2014
11685.0,9885.0,10167.0,2010,2011,2011
11685.0,10167.0,8543.0,2011,2012,2016
96616.0,9885.0,8302.0,2010,2011,2011
96616.0,8302.0,9885.0,2011,2012,2016
24499.0,10167.0,9768.0,2010,2011,2011
41671.0,8535.0,9882.0,2012,2014,2016
34008.0,10233.0,9804.0,2010,2014,2016
170667.0,9857.0,7869.0,2010,2015,2015
155066.0,8535.0,9885.0,2013,2015,2016
15732.0,9857.0,8524.0,2011,2012,2012
15732.0,8524.0,8533.0,2012,2013,2016
42437.0,9857.0,9804.0,2011,2012,2013
42437.0,9804.0,8533.0,2012,2014,2016
39194.0,9976.0,8540.0,2010,2012,2013
57124.0,8636.0,8564.0,2012,2013,2016
39345.0,8686.0,10167.0,2010,2013,2014
40686.0,8636.0,10167.0,2010,2011,2014
40686.0,10167.0,8636.0,2011,2015,2016
25526.0,10233.0,8636.0,2010,2011,2015
25526.0,8636.0,9882.0,2011,2016,2016
181984.0,8533.0,8636.0,2010,2014,2015
39198.0,8661.0,9864.0,2011,2013,2016
30983.0,8600.0,8543.0,2010,2014,2016
27560.0,9875.0,8535.0,2012,2014,2014
41497.0,9885.0,7943.0,2013,2014,2016
27680.0,9857.0,10167.0,2010,2011,2012
27719.0,8535.0,9880.0,2010,2011,2011
27719.0,10167.0,8636.0,2013,2015,2015
27719.0,8636.0,8600.0,2015,2016,2016
42651.0,8540.0,10233.0,2015,2016,2016
41411.0,9885.0,8535.0,2011,2014,2014
41411.0,8535.0,9885.0,2014,2015,2015
41411.0,9885.0,8543.0,2015,2016,2016
35644.0,10167.0,9857.0,2010,2016,2016
33816.0,10167.0,8533.0,2011,2016,2016
39304.0,10233.0,8533.0,2010,2013,2016
27671.0,8302.0,8524.0,2010,2011,2016
24970.0,10205.0,8564.0,2011,2013,2016
112476.0,8529.0,7943.0,2010,2014,2016
19344.0,10264.0,9772.0,2010,2011,2015
103266.0,8686.0,8535.0,2014,2015,2016
25587.0,8535.0,9882.0,2010,2013,2016
24484.0,8524.0,9880.0,2011,2015,2015
27599.0,9768.0,10167.0,2010,2012,2013
24403.0,10233.0,8533.0,2012,2014,2014
96540.0,10167.0,9885.0,2010,2012,2014
27702.0,8636.0,9882.0,2012,2013,2016
27672.0,8529.0,9882.0,2010,2011,2011
27672.0,9882.0,8529.0,2011,2012,2015
24546.0,9885.0,8600.0,2011,2012,2012
24546.0,8600.0,9857.0,2012,2013,2014
41869.0,10233.0,7943.0,2013,2014,2014
39222.0,10233.0,7943.0,2012,2014,2016
28907.0,8394.0,8530.0,2012,2013,2014
39357.0,9804.0,8600.0,2014,2015,2016
27720.0,9885.0,9857.0,2010,2012,2013
27720.0,9857.0,10233.0,2012,2014,2014
30881.0,10233.0,8540.0,2012,2015,2016
39719.0,10233.0,8535.0,2012,2014,2014
39719.0,8535.0,8603.0,2014,2015,2016
27731.0,8600.0,8533.0,2010,2016,2016
24443.0,8540.0,9857.0,2012,2013,2014
26315.0,8564.0,8524.0,2011,2014,2014
39474.0,8529.0,9857.0,2010,2011,2012
39474.0,9857.0,8581.0,2011,2013,2013
39474.0,8581.0,9857.0,2013,2014,2016
41404.0,8535.0,8600.0,2011,2012,2014
35643.0,8535.0,10167.0,2010,2012,2013
35643.0,10167.0,9882.0,2012,2014,2014
27657.0,8543.0,10167.0,2010,2011,2012
27657.0,10167.0,8543.0,2011,2013,2013
27657.0,8543.0,7943.0,2013,2014,2015
27657.0,7943.0,9857.0,2014,2016,2016
41269.0,8535.0,9804.0,2010,2012,2014
41269.0,9804.0,8564.0,2012,2015,2015
41269.0,8564.0,10233.0,2015,2016,2016
41542.0,10233.0,8600.0,2011,2012,2012
41542.0,8600.0,10233.0,2012,2013,2013
41542.0,10233.0,7943.0,2013,2014,2015
41542.0,7943.0,8533.0,2014,2016,2016
39540.0,9885.0,9804.0,2010,2014,2015
39540.0,9804.0,9882.0,2014,2016,2016
41044.0,8633.0,8564.0,2010,2014,2014
32748.0,8564.0,8636.0,2011,2012,2012
32748.0,8636.0,10167.0,2012,2013,2015
32748.0,10167.0,9882.0,2013,2016,2016
39422.0,8535.0,10167.0,2011,2013,2015
39422.0,10167.0,9882.0,2013,2016,2016
39376.0,8524.0,9804.0,2011,2013,2014
39376.0,9804.0,9857.0,2013,2015,2016
30940.0,10167.0,9875.0,2010,2012,2014
30940.0,9875.0,10233.0,2012,2015,2016
27721.0,8535.0,9857.0,2010,2013,2014
24549.0,8636.0,8564.0,2012,2013,2015
31725.0,9880.0,10233.0,2012,2013,2013
24504.0,9875.0,8533.0,2012,2014,2016
39207.0,8535.0,8524.0,2012,2014,2016
39419.0,10233.0,9804.0,2011,2014,2016
30713.0,10233.0,8564.0,2010,2011,2014
39428.0,9882.0,10167.0,2012,2013,2014
27558.0,8537.0,8540.0,2010,2011,2013
35421.0,8600.0,8524.0,2010,2011,2016
56585.0,10167.0,9875.0,2013,2015,2015
38827.0,10167.0,9804.0,2011,2015,2015
25597.0,8636.0,9875.0,2010,2012,2014
25597.0,9875.0,10233.0,2012,2015,2016
27691.0,9882.0,8686.0,2010,2012,2012
27691.0,8686.0,9857.0,2012,2013,2014
95228.0,9931.0,9905.0,2011,2015,2016
212819.0,9791.0,10228.0,2013,2014,2015
212819.0,10228.0,8226.0,2014,2016,2016
68813.0,8640.0,10268.0,2011,2014,2014
68813.0,10268.0,10269.0,2014,2015,2016
189237.0,10235.0,8611.0,2010,2012,2015
189237.0,8611.0,9810.0,2012,2016,2016
71768.0,9857.0,8529.0,2010,2012,2015
71768.0,8529.0,9790.0,2012,2016,2016
41667.0,8302.0,8543.0,2010,2011,2013
41667.0,8543.0,9904.0,2011,2014,2014
132843.0,9931.0,10269.0,2013,2015,2016
25990.0,9768.0,10267.0,2010,2013,2014
25990.0,10267.0,9768.0,2013,2015,2016
161660.0,10233.0,9804.0,2012,2014,2014
161660.0,9804.0,8302.0,2014,2015,2015
161660.0,8302.0,9804.0,2015,2016,2016
46875.0,8600.0,8686.0,2010,2014,2014
46875.0,8686.0,9823.0,2014,2015,2016
170775.0,8560.0,9810.0,2013,2015,2016
41618.0,9931.0,9788.0,2010,2015,2016
39379.0,10229.0,8177.0,2012,2015,2015
177953.0,9810.0,8697.0,2014,2015,2016
112978.0,10192.0,9956.0,2010,2011,2014
112978.0,9956.0,9789.0,2011,2015,2016
177475.0,9956.0,8697.0,2010,2014,2015
72707.0,8640.0,8406.0,2011,2014,2015
72707.0,8406.0,10233.0,2014,2016,2016
31045.0,10267.0,8178.0,2012,2014,2014
31045.0,8178.0,8640.0,2014,2015,2016
172949.0,8634.0,9823.0,2011,2013,2016
78908.0,8640.0,9904.0,2010,2013,2016
194533.0,10243.0,8165.0,2011,2013,2013
194533.0,8165.0,8178.0,2013,2014,2014
194533.0,8178.0,9788.0,2014,2015,2015
194533.0,9788.0,9790.0,2015,2016,2016
177720.0,8165.0,10269.0,2013,2015,2015
38181.0,8226.0,9810.0,2012,2014,2014
18904.0,8305.0,8226.0,2012,2014,2015
18904.0,8226.0,9810.0,2014,2016,2016
140965.0,8357.0,8406.0,2013,2014,2015
207236.0,9931.0,9788.0,2010,2013,2016
212892.0,9789.0,10269.0,2011,2014,2015
212892.0,10269.0,9789.0,2014,2016,2016
170322.0,8226.0,8721.0,2012,2015,2016
177715.0,8357.0,9790.0,2012,2013,2014
182892.0,9788.0,8460.0,2012,2014,2014
182892.0,8460.0,10269.0,2014,2015,2016
79982.0,2182.0,9790.0,2010,2013,2013
79982.0,9790.0,9904.0,2013,2014,2014
79982.0,9904.0,9790.0,2014,2015,2016
179491.0,8357.0,9904.0,2012,2014,2016
121093.0,8357.0,10269.0,2012,2014,2015
27376.0,8357.0,8721.0,2012,2014,2015
167589.0,8406.0,8722.0,2012,2014,2016
174634.0,8194.0,8358.0,2012,2014,2014
58351.0,10269.0,9788.0,2011,2015,2016
178833.0,8721.0,8165.0,2012,2013,2013
104045.0,10228.0,8721.0,2011,2012,2016
40108.0,9790.0,8177.0,2011,2013,2016
107920.0,9823.0,8697.0,2011,2012,2014
107920.0,8697.0,8358.0,2012,2015,2015
93064.0,8277.0,9790.0,2011,2012,2015
150007.0,8697.0,10192.0,2012,2013,2013
150007.0,10192.0,10199.0,2013,2014,2016
10967.0,8721.0,9790.0,2012,2013,2015
115591.0,10243.0,8721.0,2010,2012,2016
101201.0,8721.0,10269.0,2012,2013,2013
184821.0,8455.0,9790.0,2011,2012,2013
184821.0,9790.0,8640.0,2012,2014,2016
107281.0,9905.0,8357.0,2011,2012,2013
107281.0,8357.0,9790.0,2012,2014,2015
193530.0,8177.0,9790.0,2011,2013,2016
27524.0,8406.0,8194.0,2011,2013,2013
147735.0,8165.0,8406.0,2011,2014,2016
97747.0,9905.0,9790.0,2011,2014,2016
167094.0,8697.0,9810.0,2011,2014,2016
39455.0,8697.0,9789.0,2011,2014,2016
209950.0,10189.0,8305.0,2011,2013,2015
209950.0,8305.0,8302.0,2013,2016,2016
184554.0,9788.0,8634.0,2011,2015,2016
39940.0,10229.0,9791.0,2014,2015,2015
201888.0,8721.0,8406.0,2011,2013,2013
201888.0,8406.0,9905.0,2013,2014,2015
201888.0,9905.0,8406.0,2014,2016,2016
212879.0,8697.0,8357.0,2011,2013,2013
69149.0,9789.0,10269.0,2011,2016,2016
89240.0,8350.0,8165.0,2011,2012,2014
89240.0,8165.0,10269.0,2012,2015,2015
89240.0,10269.0,8673.0,2015,2016,2016
71619.0,8277.0,8371.0,2011,2012,2012
141370.0,9810.0,9823.0,2011,2015,2016
145551.0,9788.0,10189.0,2010,2013,2016
36878.0,9823.0,8177.0,2011,2012,2016
33473.0,8226.0,9823.0,2010,2013,2014
27155.0,9790.0,8177.0,2011,2012,2015
27155.0,8177.0,9810.0,2012,2016,2016
93447.0,9789.0,9823.0,2010,2014,2016
212881.0,8721.0,9788.0,2010,2012,2012
212881.0,9788.0,8177.0,2012,2013,2016
39847.0,8350.0,9790.0,2010,2011,2016
200964.0,8350.0,8357.0,2010,2012,2013
71560.0,8178.0,10189.0,2010,2015,2015
178804.0,8722.0,10189.0,2010,2013,2014
178804.0,10189.0,9905.0,2013,2015,2016
38364.0,9905.0,8177.0,2010,2013,2013
38364.0,8177.0,9905.0,2013,2014,2015
172901.0,8226.0,9788.0,2010,2013,2013
58346.0,8152.0,8358.0,2010,2012,2012
58346.0,8358.0,9788.0,2012,2013,2014
58346.0,9788.0,8721.0,2013,2015,2016
29145.0,9904.0,10269.0,2010,2014,2014
177714.0,9789.0,9823.0,2010,2013,2016
178778.0,8358.0,8226.0,2010,2014,2016
155534.0,8152.0,9810.0,2010,2012,2016
42971.0,8350.0,9810.0,2010,2012,2012
141396.0,8165.0,8697.0,2010,2011,2013
113340.0,8165.0,8178.0,2010,2013,2014
113340.0,8178.0,8177.0,2013,2015,2016
75447.0,8721.0,9823.0,2010,2013,2013
75447.0,9823.0,9906.0,2013,2014,2014
75447.0,9906.0,9885.0,2014,2015,2016
27488.0,9788.0,9905.0,2011,2012,2013
36774.0,9905.0,10189.0,2010,2013,2014
36774.0,10189.0,8226.0,2013,2015,2015
36774.0,8226.0,9904.0,2015,2016,2016
109615.0,8358.0,8178.0,2010,2011,2016
193176.0,8358.0,8226.0,2010,2011,2013
24791.0,10269.0,10167.0,2010,2014,2014
24791.0,10167.0,9804.0,2014,2015,2016
36382.0,9905.0,10199.0,2010,2011,2016
178802.0,8226.0,8394.0,2010,2011,2013
127945.0,9905.0,8722.0,2010,2014,2016
27420.0,9905.0,8226.0,2010,2014,2016
95082.0,9905.0,10189.0,2011,2014,2016
37357.0,8226.0,9788.0,2011,2015,2016
102301.0,8177.0,10269.0,2012,2013,2013
26489.0,9925.0,8226.0,2010,2011,2012
26489.0,8226.0,8611.0,2011,2013,2013
26489.0,8611.0,8543.0,2013,2014,2016
141161.0,8165.0,10269.0,2010,2011,2011
141161.0,10269.0,9789.0,2011,2012,2014
141161.0,9789.0,8177.0,2012,2015,2015
25772.0,8636.0,8600.0,2013,2016,2016
39141.0,8640.0,9790.0,2010,2012,2012
73448.0,8226.0,8178.0,2012,2013,2014
66940.0,10192.0,8406.0,2012,2013,2016
106309.0,8152.0,9810.0,2010,2012,2016
38432.0,9823.0,8721.0,2012,2016,2016
27306.0,10189.0,8177.0,2010,2013,2015
26472.0,8533.0,8686.0,2011,2012,2013
27352.0,8358.0,9810.0,2010,2013,2014
94916.0,9904.0,9788.0,2010,2015,2016
29631.0,10269.0,9810.0,2010,2013,2013
30530.0,8165.0,9810.0,2013,2014,2016
27418.0,8350.0,9789.0,2010,2012,2015
30937.0,10189.0,9810.0,2012,2014,2014
30937.0,9810.0,10189.0,2014,2015,2015
25366.0,9823.0,8697.0,2013,2015,2016
31235.0,9906.0,8721.0,2011,2012,2013
31235.0,8721.0,9906.0,2012,2014,2014
38188.0,8722.0,9810.0,2010,2012,2014
30709.0,8686.0,10233.0,2010,2011,2011
30709.0,10233.0,8535.0,2011,2012,2013
95078.0,9823.0,8633.0,2011,2014,2016
27475.0,8721.0,9810.0,2012,2013,2016
27472.0,8226.0,8721.0,2012,2013,2014
30906.0,10167.0,8564.0,2010,2014,2015
71017.0,8194.0,9790.0,2013,2014,2014
25773.0,8302.0,8634.0,2011,2014,2016
27461.0,9790.0,8603.0,2011,2015,2016
27303.0,10233.0,9823.0,2010,2012,2016
27349.0,8178.0,8165.0,2011,2012,2014
49939.0,9885.0,9823.0,2012,2016,2016
34267.0,9810.0,8226.0,2010,2015,2016
42346.0,8633.0,9885.0,2011,2015,2016
37401.0,9768.0,10235.0,2013,2014,2015
40203.0,10189.0,8305.0,2012,2014,2014
27320.0,8226.0,9908.0,2013,2014,2014
36084.0,10269.0,8177.0,2012,2016,2016
147729.0,9823.0,8721.0,2011,2014,2016
27316.0,8721.0,9790.0,2015,2016,2016
25819.0,10189.0,9788.0,2013,2014,2016
36130.0,10281.0,8370.0,2013,2015,2015
25815.0,9880.0,10192.0,2011,2013,2016
31718.0,10267.0,9810.0,2012,2014,2015
39106.0,8302.0,8406.0,2011,2015,2016
37787.0,9864.0,10235.0,2011,2013,2015
161328.0,8564.0,8686.0,2011,2016,2016
211089.0,10229.0,8593.0,2010,2012,2015
211089.0,8593.0,9830.0,2012,2016,2016
29590.0,9772.0,8633.0,2010,2011,2014
29590.0,8633.0,9829.0,2011,2015,2016
187666.0,9931.0,9790.0,2010,2014,2014
145550.0,8350.0,9810.0,2011,2013,2014
145550.0,9810.0,9847.0,2013,2015,2016
92095.0,10179.0,10249.0,2014,2015,2015
147614.0,8358.0,9851.0,2012,2014,2016
161396.0,9823.0,9827.0,2010,2014,2016
191788.0,10214.0,9851.0,2013,2014,2016
16254.0,10192.0,9941.0,2012,2014,2014
196947.0,9873.0,8689.0,2014,2015,2016
112012.0,10192.0,9874.0,2010,2013,2014
94307.0,9830.0,7819.0,2013,2016,2016
169217.0,8548.0,9830.0,2011,2013,2016
24385.0,9783.0,9941.0,2012,2014,2015
49677.0,9875.0,9847.0,2011,2014,2016
37549.0,9773.0,9829.0,2011,2013,2016
24493.0,9976.0,9857.0,2010,2011,2012
24493.0,9857.0,9829.0,2011,2013,2016
35112.0,8686.0,8639.0,2011,2013,2015
164684.0,9773.0,9829.0,2010,2014,2014
164684.0,9829.0,8633.0,2014,2015,2016
215079.0,8370.0,8689.0,2012,2013,2013
79246.0,10179.0,8721.0,2010,2012,2012
79246.0,8721.0,9931.0,2012,2013,2014
71602.0,9748.0,9910.0,2015,2016,2016
199810.0,9873.0,9748.0,2013,2014,2015
199810.0,9748.0,8689.0,2014,2016,2016
210398.0,9851.0,8592.0,2012,2014,2016
40189.0,9772.0,9941.0,2012,2013,2013
35724.0,8564.0,9847.0,2011,2012,2016
210111.0,8639.0,9847.0,2012,2014,2015
210111.0,9847.0,8686.0,2014,2016,2016
132809.0,9874.0,10199.0,2012,2014,2015
122047.0,9827.0,8302.0,2012,2016,2016
210390.0,9851.0,9853.0,2011,2015,2016
177688.0,9956.0,8689.0,2010,2011,2012
177688.0,8689.0,8537.0,2011,2013,2014
201939.0,9874.0,10205.0,2011,2015,2016
148830.0,8576.0,9851.0,2011,2015,2016
33782.0,9847.0,8564.0,2012,2014,2016
154233.0,8576.0,10249.0,2011,2015,2015
143757.0,8576.0,8689.0,2011,2015,2015
210406.0,9836.0,9831.0,2011,2012,2014
210406.0,9831.0,8639.0,2012,2015,2016
210404.0,9836.0,8689.0,2011,2013,2013
210404.0,8689.0,9853.0,2013,2014,2016
24132.0,9847.0,8535.0,2011,2013,2013
24132.0,8535.0,8581.0,2013,2014,2015
114724.0,8689.0,7841.0,2012,2016,2016
192770.0,8697.0,9941.0,2010,2011,2013
192770.0,9941.0,9829.0,2011,2014,2015
192770.0,9829.0,10267.0,2014,2016,2016
179517.0,9851.0,10249.0,2010,2013,2014
210185.0,9873.0,8640.0,2010,2014,2016
202443.0,9873.0,8689.0,2010,2013,2014
202443.0,8689.0,9773.0,2013,2015,2016
34417.0,8583.0,8689.0,2010,2013,2014
40537.0,9748.0,9831.0,2010,2012,2014
166020.0,9851.0,9873.0,2010,2013,2013
166020.0,9873.0,9941.0,2013,2014,2016
143752.0,8583.0,8576.0,2010,2012,2013
95076.0,9851.0,8583.0,2010,2012,2012
210922.0,9853.0,9873.0,2010,2012,2014
179845.0,7819.0,9853.0,2010,2012,2015
134232.0,8521.0,8639.0,2010,2012,2014
134232.0,8639.0,9853.0,2012,2015,2016
41182.0,8521.0,8588.0,2010,2014,2015
11320.0,8521.0,8639.0,2010,2012,2013
179791.0,7819.0,8600.0,2010,2012,2016
161421.0,9853.0,8721.0,2010,2015,2016
41360.0,8588.0,10249.0,2010,2012,2013
41360.0,10249.0,9748.0,2012,2014,2016
195299.0,9941.0,9847.0,2012,2014,2016
25521.0,9853.0,9748.0,2010,2011,2011
150565.0,9829.0,9853.0,2010,2011,2012
150565.0,9853.0,9789.0,2011,2013,2016
25519.0,8533.0,8524.0,2012,2015,2016
30907.0,9827.0,8530.0,2010,2013,2014
30907.0,8530.0,9827.0,2013,2015,2016
150869.0,9831.0,8302.0,2012,2015,2016
37273.0,8530.0,9882.0,2011,2014,2015
40964.0,8592.0,9773.0,2010,2013,2014
26014.0,9851.0,10249.0,2010,2013,2014
26255.0,8302.0,8178.0,2012,2013,2015
26255.0,8178.0,9790.0,2013,2016,2016
40018.0,8689.0,9853.0,2010,2014,2016
41098.0,8481.0,8533.0,2011,2014,2014
41098.0,8533.0,8121.0,2014,2015,2016
154230.0,8588.0,9827.0,2011,2012,2015
103470.0,9851.0,9941.0,2010,2015,2016
165583.0,9874.0,8639.0,2011,2014,2016
39971.0,8639.0,8521.0,2010,2011,2013
46757.0,9851.0,7819.0,2011,2014,2016
26118.0,9827.0,9874.0,2010,2014,2014
26155.0,9847.0,9853.0,2010,2013,2013
26155.0,9853.0,9831.0,2013,2014,2016
36121.0,10233.0,8564.0,2011,2013,2013
36121.0,8564.0,8533.0,2013,2014,2016
25525.0,9847.0,10249.0,2011,2014,2015
37466.0,8583.0,9873.0,2011,2013,2014
40685.0,9829.0,8689.0,2010,2011,2014
40016.0,9847.0,9748.0,2011,2013,2015
40016.0,9748.0,8543.0,2013,2016,2016
108075.0,10264.0,9829.0,2010,2014,2016
41174.0,9941.0,9827.0,2014,2015,2016
41119.0,9831.0,9827.0,2011,2012,2013
33744.0,9748.0,9851.0,2011,2016,2016
94326.0,9880.0,10167.0,2011,2013,2013
94326.0,10167.0,8524.0,2013,2014,2015
157859.0,7819.0,8481.0,2011,2012,2012
157859.0,8481.0,9853.0,2012,2013,2015
26330.0,9748.0,9904.0,2011,2014,2015
40659.0,10249.0,9857.0,2013,2015,2016
40725.0,8592.0,9831.0,2010,2011,2014
26238.0,9925.0,8481.0,2010,2011,2011
26238.0,8481.0,9827.0,2011,2012,2014
26238.0,9827.0,9853.0,2012,2015,2015
39993.0,8639.0,8576.0,2012,2014,2014
30977.0,8581.0,10265.0,2013,2014,2014
30977.0,10265.0,2182.0,2014,2015,2016
38703.0,8592.0,9831.0,2010,2015,2015
26374.0,9847.0,9851.0,2010,2012,2012
26374.0,9851.0,9853.0,2012,2013,2015
58499.0,8533.0,10205.0,2011,2013,2015
39990.0,9864.0,9829.0,2012,2013,2016
26354.0,8302.0,9748.0,2011,2012,2015
31037.0,8689.0,8592.0,2010,2013,2016
20401.0,9748.0,10189.0,2010,2013,2013
20401.0,10189.0,8686.0,2013,2014,2014
77741.0,10267.0,8564.0,2011,2014,2015
77741.0,8564.0,8302.0,2014,2016,2016
26392.0,9847.0,8302.0,2011,2013,2016
40730.0,9847.0,9748.0,2010,2015,2016
40740.0,8592.0,9748.0,2011,2015,2016
40001.0,8543.0,8558.0,2012,2016,2016
25818.0,9875.0,8197.0,2011,2015,2015
109121.0,10233.0,8533.0,2011,2012,2016
186831.0,8592.0,10194.0,2013,2016,2016
37631.0,9906.0,8535.0,2010,2015,2016
158879.0,9905.0,10189.0,2010,2014,2015
158879.0,10189.0,8472.0,2014,2016,2016
178206.0,8165.0,8721.0,2012,2014,2015
178206.0,8721.0,9850.0,2014,2016,2016
172321.0,8226.0,9810.0,2012,2013,2013
172321.0,9810.0,9904.0,2013,2014,2015
172321.0,9904.0,10194.0,2014,2016,2016
212867.0,9790.0,8178.0,2010,2013,2014
212867.0,8178.0,8586.0,2013,2015,2016
46349.0,9853.0,8678.0,2011,2016,2016
109060.0,9882.0,10260.0,2012,2015,2015
163919.0,9882.0,8654.0,2012,2015,2016
199291.0,8277.0,8564.0,2010,2014,2015
199291.0,8564.0,8640.0,2014,2016,2016
37779.0,9850.0,8678.0,2015,2016,2016
39139.0,9851.0,8472.0,2014,2015,2015
150026.0,10264.0,10003.0,2013,2015,2015
150026.0,10003.0,8639.0,2015,2016,2016
43061.0,9905.0,10189.0,2010,2011,2014
43061.0,10189.0,8197.0,2011,2015,2016
176300.0,9823.0,8636.0,2012,2015,2015
176300.0,8636.0,10194.0,2015,2016,2016
109330.0,8636.0,8472.0,2014,2015,2016
46820.0,8540.0,9804.0,2011,2012,2014
46820.0,9804.0,10260.0,2012,2015,2016
108038.0,8640.0,10261.0,2012,2015,2016
114769.0,9875.0,9817.0,2012,2015,2016
174321.0,9773.0,8456.0,2010,2015,2016
209384.0,10235.0,8466.0,2012,2015,2016
160627.0,10215.0,9768.0,2011,2013,2015
160627.0,9768.0,8466.0,2013,2016,2016
35712.0,8686.0,9817.0,2014,2015,2016
95955.0,8592.0,10003.0,2010,2016,2016
154280.0,8592.0,8689.0,2010,2014,2015
154280.0,8689.0,10252.0,2014,2016,2016
179410.0,8639.0,10252.0,2010,2016,2016
25496.0,8639.0,8592.0,2012,2014,2015
25496.0,8592.0,8654.0,2014,2016,2016
28955.0,8661.0,9864.0,2011,2012,2014
28955.0,9864.0,8456.0,2012,2015,2016
156556.0,7841.0,6403.0,2010,2011,2011
156556.0,6403.0,9772.0,2011,2012,2012
156556.0,9772.0,9783.0,2012,2013,2013
156556.0,9783.0,9851.0,2013,2014,2014
156556.0,9851.0,10003.0,2014,2015,2015
183519.0,8639.0,9826.0,2014,2015,2016
101969.0,8667.0,8472.0,2015,2016,2016
164676.0,8315.0,10260.0,2011,2014,2016
26675.0,8697.0,8466.0,2012,2015,2015
26675.0,8466.0,10235.0,2015,2016,2016
200962.0,8165.0,8178.0,2010,2013,2014
200962.0,8178.0,10194.0,2013,2015,2016
161420.0,9941.0,9829.0,2011,2013,2013
161420.0,9829.0,10261.0,2013,2014,2016
192920.0,10249.0,9847.0,2010,2015,2016
40187.0,10167.0,9773.0,2015,2016,2016
22543.0,9906.0,10260.0,2011,2014,2015
95509.0,8586.0,8302.0,2014,2016,2016
199834.0,108893.0,10249.0,2010,2011,2013
199834.0,10249.0,10261.0,2011,2014,2014
199834.0,10261.0,8592.0,2014,2015,2016
104482.0,10235.0,10261.0,2012,2014,2016
96643.0,8686.0,8593.0,2011,2013,2013
96643.0,8593.0,10194.0,2013,2014,2016
50047.0,8634.0,9825.0,2011,2015,2016
105548.0,8540.0,8667.0,2010,2014,2015
46509.0,8633.0,10260.0,2010,2014,2014
46509.0,10260.0,9847.0,2014,2015,2016
161012.0,8674.0,8593.0,2010,2011,2013
161012.0,8593.0,10260.0,2011,2014,2016
160599.0,9906.0,8586.0,2013,2015,2016
187266.0,10172.0,8466.0,2014,2016,2016
109298.0,9885.0,10172.0,2013,2015,2015
109298.0,10172.0,8592.0,2015,2016,2016
214426.0,8191.0,8650.0,2014,2015,2015
191869.0,8191.0,8586.0,2014,2015,2016
41280.0,10167.0,10235.0,2011,2012,2013
41280.0,10235.0,8466.0,2012,2014,2016
94267.0,8674.0,8611.0,2010,2013,2013
94267.0,8611.0,8466.0,2013,2014,2016
95336.0,9925.0,8466.0,2010,2014,2016
19243.0,9906.0,8455.0,2010,2015,2016
201934.0,8277.0,8455.0,2011,2014,2014
49860.0,8600.0,9875.0,2010,2013,2013
49860.0,9875.0,8564.0,2013,2014,2015
49860.0,8564.0,8600.0,2014,2016,2016
39367.0,8564.0,9804.0,2011,2014,2014
39367.0,9804.0,8564.0,2014,2015,2015
36257.0,9879.0,9772.0,2014,2015,2016
22929.0,9925.0,9826.0,2010,2015,2016
92666.0,8456.0,8636.0,2014,2016,2016
26782.0,10269.0,9879.0,2011,2014,2014
150201.0,8611.0,9788.0,2010,2012,2013
150201.0,9788.0,10261.0,2012,2014,2014
150201.0,10261.0,8640.0,2014,2015,2016
115067.0,8277.0,9772.0,2010,2011,2014
115067.0,9772.0,8455.0,2011,2015,2016
213502.0,8302.0,9826.0,2011,2013,2013
213502.0,9826.0,9773.0,2013,2014,2015
116750.0,9768.0,9850.0,2012,2014,2014
116750.0,9850.0,9853.0,2014,2015,2015
116750.0,9853.0,8603.0,2015,2016,2016
174472.0,9910.0,8650.0,2012,2014,2014
174472.0,8650.0,8302.0,2014,2015,2015
174472.0,8302.0,9910.0,2015,2016,2016
42168.0,9847.0,8659.0,2011,2013,2014
39331.0,8472.0,8535.0,2013,2014,2014
157723.0,8593.0,8586.0,2010,2013,2016
193223.0,8558.0,10003.0,2010,2013,2016
178812.0,8178.0,8455.0,2011,2014,2014
178812.0,8455.0,8721.0,2014,2015,2016
41365.0,8586.0,9817.0,2013,2015,2016
40165.0,8558.0,8686.0,2010,2011,2013
40165.0,8686.0,9885.0,2011,2014,2014
40165.0,9885.0,9773.0,2014,2015,2015
167634.0,9880.0,9885.0,2010,2011,2012
167634.0,9885.0,8472.0,2011,2013,2015
167634.0,8472.0,9857.0,2013,2016,2016
174850.0,8686.0,8586.0,2011,2014,2016
143365.0,8277.0,10003.0,2011,2013,2014
143365.0,10003.0,8456.0,2013,2015,2016
110148.0,8697.0,10194.0,2010,2013,2016
75310.0,8302.0,8456.0,2010,2014,2014
75310.0,8456.0,10267.0,2014,2015,2016
30459.0,9864.0,8456.0,2011,2014,2016
103428.0,8456.0,8472.0,2013,2014,2015
32304.0,8667.0,8191.0,2013,2014,2015
40220.0,8654.0,8370.0,2013,2014,2015
36378.0,8633.0,9825.0,2010,2014,2016
67349.0,10192.0,9879.0,2012,2014,2014
67349.0,9879.0,10179.0,2014,2015,2016
41232.0,8592.0,8659.0,2011,2013,2013
41232.0,8659.0,8654.0,2013,2014,2015
41232.0,8654.0,8639.0,2014,2016,2016
159882.0,8344.0,9853.0,2013,2015,2016
35905.0,9925.0,9850.0,2010,2014,2014
109638.0,8611.0,9850.0,2012,2014,2014
109638.0,9850.0,10172.0,2014,2015,2015
109638.0,10172.0,10003.0,2015,2016,2016
93484.0,9748.0,10267.0,2010,2012,2012
93484.0,10267.0,8650.0,2012,2013,2013
93484.0,8650.0,10252.0,2013,2014,2014
93484.0,10252.0,9773.0,2014,2015,2015
93484.0,9773.0,10252.0,2015,2016,2016
49970.0,8302.0,8344.0,2011,2013,2014
49970.0,8344.0,8636.0,2013,2015,2016
114268.0,9748.0,8466.0,2010,2013,2014
114268.0,8466.0,8650.0,2013,2015,2016
30841.0,8686.0,9879.0,2011,2014,2014
30841.0,9879.0,9829.0,2014,2015,2015
30841.0,9829.0,8466.0,2015,2016,2016
37506.0,10267.0,8586.0,2011,2013,2014
37506.0,8586.0,10205.0,2013,2015,2016
23839.0,8548.0,8667.0,2011,2013,2015
163200.0,8667.0,8659.0,2013,2015,2016
202553.0,8302.0,9865.0,2010,2011,2011
202553.0,9865.0,8302.0,2011,2012,2012
202553.0,8302.0,8661.0,2012,2013,2013
202553.0,8661.0,10252.0,2013,2014,2014
30603.0,8564.0,9879.0,2011,2013,2013
30603.0,9879.0,8564.0,2013,2014,2014
30603.0,8564.0,8524.0,2014,2015,2015
186054.0,8370.0,8528.0,2012,2013,2013
186054.0,8528.0,8668.0,2013,2014,2016
184536.0,8636.0,8558.0,2010,2012,2012
184536.0,8558.0,8650.0,2012,2013,2016
93985.0,10261.0,9748.0,2014,2015,2016
128827.0,9905.0,10189.0,2010,2011,2012
128827.0,10189.0,8586.0,2011,2013,2013
128827.0,8586.0,9879.0,2013,2014,2014
128827.0,9879.0,9790.0,2014,2015,2016
165704.0,8548.0,10003.0,2011,2013,2015
166422.0,8586.0,10261.0,2013,2016,2016
38521.0,9864.0,9825.0,2011,2014,2016
39987.0,8592.0,10172.0,2010,2013,2013
39987.0,10172.0,10261.0,2013,2014,2014
39987.0,10261.0,8455.0,2014,2015,2016
39978.0,8592.0,8654.0,2012,2013,2014
26154.0,10261.0,9825.0,2013,2015,2015
26154.0,9825.0,9827.0,2015,2016,2016
42703.0,8611.0,10003.0,2010,2012,2015
30974.0,8535.0,8466.0,2010,2013,2014
30974.0,8466.0,8678.0,2013,2015,2016
30668.0,8654.0,9938.0,2012,2015,2016
23358.0,9798.0,9826.0,2012,2014,2016
91560.0,9874.0,8654.0,2011,2012,2014
26336.0,8592.0,8302.0,2010,2013,2015
41156.0,8633.0,8560.0,2010,2013,2016
30989.0,10172.0,9772.0,2013,2014,2016
2802.0,10003.0,8370.0,2012,2015,2016
144996.0,9925.0,10003.0,2010,2013,2013
144996.0,10003.0,8472.0,2013,2014,2014
144996.0,8472.0,10003.0,2014,2015,2016
27365.0,8633.0,9789.0,2012,2013,2016
31290.0,8722.0,9879.0,2011,2012,2014
31290.0,9879.0,10189.0,2012,2015,2016
39225.0,8466.0,8650.0,2012,2015,2015
39225.0,8650.0,8659.0,2015,2016,2016
30922.0,9904.0,8581.0,2010,2011,2012
30922.0,8581.0,8528.0,2011,2013,2013
30922.0,8528.0,8668.0,2013,2014,2016
72541.0,8592.0,8455.0,2010,2012,2016
119079.0,9798.0,10172.0,2012,2014,2014
119079.0,10172.0,9826.0,2014,2015,2016
46469.0,10249.0,9825.0,2010,2013,2016
32118.0,9825.0,8636.0,2012,2015,2015
37436.0,9864.0,9825.0,2011,2012,2016
26539.0,10252.0,10235.0,2012,2015,2016
30602.0,10252.0,10229.0,2012,2015,2016
184822.0,8686.0,8650.0,2011,2012,2012
184822.0,8650.0,8472.0,2012,2013,2013
184822.0,8472.0,8650.0,2013,2014,2015
184822.0,8650.0,8472.0,2014,2016,2016
118528.0,8370.0,10003.0,2011,2012,2013
118528.0,10003.0,9875.0,2012,2014,2014
24123.0,8661.0,10003.0,2010,2012,2013
24123.0,10003.0,9875.0,2012,2014,2015
37234.0,8466.0,8650.0,2012,2015,2016
46893.0,8466.0,10260.0,2012,2015,2016
157838.0,8466.0,8650.0,2012,2015,2016
144993.0,9789.0,10260.0,2010,2013,2014
144993.0,10260.0,9789.0,2013,2015,2016
180330.0,8528.0,8277.0,2011,2012,2014
180330.0,8277.0,8472.0,2012,2015,2016
23499.0,9850.0,9826.0,2012,2013,2013
46010.0,8455.0,8466.0,2012,2014,2016
8922.0,8548.0,8668.0,2010,2013,2013
8922.0,8668.0,8667.0,2013,2014,2014
8922.0,8667.0,8654.0,2014,2015,2015
214685.0,9825.0,8654.0,2011,2015,2016
22964.0,8659.0,8472.0,2011,2014,2016
165526.0,8650.0,8472.0,2012,2014,2015
165526.0,8472.0,9768.0,2014,2016,2016
192807.0,8481.0,10172.0,2010,2012,2012
46700.0,8358.0,10261.0,2010,2012,2016
71605.0,9827.0,8655.0,2010,2012,2012
71605.0,8226.0,8722.0,2014,2016,2016
157729.0,8226.0,10003.0,2010,2012,2012
157729.0,10003.0,8586.0,2012,2013,2014
157729.0,8586.0,10003.0,2013,2015,2016
115681.0,8586.0,8667.0,2011,2014,2015
23593.0,10172.0,8655.0,2011,2012,2012
32465.0,8655.0,9938.0,2011,2013,2013
32465.0,9938.0,8485.0,2013,2014,2015
159596.0,9825.0,8602.0,2011,2012,2012
159596.0,8602.0,9879.0,2012,2013,2013
127130.0,8650.0,10003.0,2011,2013,2015
127130.0,10003.0,10261.0,2013,2016,2016
150466.0,10261.0,8636.0,2011,2015,2016
242308.0,8472.0,8406.0,2011,2013,2016
23293.0,8659.0,8466.0,2011,2014,2016
212470.0,8455.0,10267.0,2011,2013,2014
212470.0,10267.0,10269.0,2013,2015,2015
212470.0,10269.0,8466.0,2015,2016,2016
169721.0,8472.0,9826.0,2011,2015,2016
47558.0,10003.0,8650.0,2011,2013,2016
41468.0,8455.0,10260.0,2011,2014,2016
111800.0,9850.0,8586.0,2011,2012,2014
111800.0,8586.0,10003.0,2012,2015,2016
47394.0,10172.0,9879.0,2011,2013,2014
47394.0,9879.0,10172.0,2013,2015,2015
97657.0,10172.0,8540.0,2011,2013,2013
97657.0,8540.0,10172.0,2013,2014,2014
26160.0,10261.0,9826.0,2011,2015,2016
24698.0,9850.0,10252.0,2011,2014,2014
37950.0,9825.0,8686.0,2011,2013,2016
176889.0,10003.0,8344.0,2011,2013,2014
176889.0,8344.0,10172.0,2013,2015,2015
37193.0,10003.0,8586.0,2012,2015,2015
26163.0,10261.0,9831.0,2011,2015,2016
160243.0,8472.0,10261.0,2011,2014,2016
46353.0,8586.0,8472.0,2010,2013,2013
46353.0,8472.0,8586.0,2013,2014,2016
163205.0,8455.0,9879.0,2010,2011,2011
163205.0,9879.0,9836.0,2011,2012,2012
163205.0,9836.0,8277.0,2012,2013,2013
163205.0,8277.0,8370.0,2013,2014,2014
163205.0,8370.0,8302.0,2014,2015,2015
18859.0,8528.0,10233.0,2010,2011,2011
18859.0,10233.0,8528.0,2011,2012,2012
18859.0,8528.0,8540.0,2012,2013,2013
40636.0,8650.0,8634.0,2011,2014,2016
35411.0,8654.0,10261.0,2011,2012,2012
35411.0,10261.0,8455.0,2012,2013,2014
52133.0,8455.0,9847.0,2011,2014,2016
33468.0,8472.0,8659.0,2011,2013,2016
35345.0,8483.0,8466.0,2011,2012,2013
35345.0,8466.0,9826.0,2012,2014,2016
15403.0,8456.0,8686.0,2011,2016,2016
196169.0,8559.0,8535.0,2011,2013,2016
193869.0,8559.0,9772.0,2010,2011,2014
193869.0,9772.0,10267.0,2011,2015,2016
72735.0,8655.0,9904.0,2010,2012,2014
72735.0,9904.0,10194.0,2012,2015,2016
28901.0,8528.0,9826.0,2010,2014,2016
25572.0,10252.0,9851.0,2011,2012,2014
70865.0,8654.0,8394.0,2010,2011,2011
169718.0,9825.0,8686.0,2010,2015,2016
70409.0,10260.0,8633.0,2010,2015,2015
70409.0,8633.0,8178.0,2015,2016,2016
41008.0,9879.0,8586.0,2010,2012,2016
38254.0,8658.0,8528.0,2010,2012,2013
25550.0,8659.0,10194.0,2010,2014,2014
156727.0,8586.0,10172.0,2010,2015,2015
156727.0,10172.0,8659.0,2015,2016,2016
139671.0,10252.0,8197.0,2010,2015,2016
161415.0,10252.0,9826.0,2010,2013,2015
25923.0,8650.0,8455.0,2010,2011,2012
160713.0,8528.0,10260.0,2010,2011,2014
160713.0,10260.0,8668.0,2011,2015,2016
26631.0,8528.0,9985.0,2011,2014,2014
108808.0,8456.0,8564.0,2010,2013,2013
108808.0,8564.0,8650.0,2013,2014,2014
108808.0,8650.0,8564.0,2014,2015,2016
36183.0,8456.0,9823.0,2010,2012,2016
30840.0,8586.0,9790.0,2010,2013,2014
30840.0,9790.0,8603.0,2013,2015,2015
40563.0,8483.0,8472.0,2010,2012,2013
38831.0,10261.0,10003.0,2010,2011,2016
186137.0,8655.0,10260.0,2010,2012,2016
106228.0,8528.0,8455.0,2010,2012,2012
106228.0,8455.0,8650.0,2012,2013,2013
106228.0,8650.0,10194.0,2013,2014,2014
106228.0,10194.0,8654.0,2014,2015,2016
191616.0,8456.0,8559.0,2010,2011,2011
191616.0,8559.0,8611.0,2011,2012,2012
191616.0,8611.0,8456.0,2012,2013,2014
191616.0,8456.0,9925.0,2013,2015,2016
101192.0,8528.0,8668.0,2010,2014,2016
143793.0,8559.0,9825.0,2010,2011,2016
25415.0,8602.0,8528.0,2010,2012,2013
25415.0,8528.0,8191.0,2012,2014,2015
27694.0,9885.0,8564.0,2010,2011,2011
27694.0,8564.0,8535.0,2011,2012,2014
27694.0,8535.0,9768.0,2012,2015,2016
41475.0,9858.0,9857.0,2010,2011,2014
41475.0,9857.0,8535.0,2011,2015,2015
41475.0,8535.0,8524.0,2015,2016,2016
70297.0,10229.0,8472.0,2011,2013,2014
24744.0,10172.0,9826.0,2012,2013,2014
23538.0,8654.0,9850.0,2012,2016,2016
26347.0,8462.0,8654.0,2010,2011,2011
49825.0,8528.0,8697.0,2011,2013,2015
49825.0,8697.0,10189.0,2013,2016,2016
27335.0,8462.0,8564.0,2010,2011,2012
27335.0,8564.0,10189.0,2011,2013,2015
27335.0,10189.0,8564.0,2013,2016,2016
30839.0,8668.0,9879.0,2010,2014,2014
30839.0,9879.0,8177.0,2014,2015,2015
109621.0,10194.0,8302.0,2013,2015,2016
32627.0,8602.0,8472.0,2011,2012,2015
32627.0,8472.0,8592.0,2012,2016,2016
26171.0,8472.0,8543.0,2010,2011,2014
26171.0,8543.0,9830.0,2011,2015,2016
31953.0,10194.0,9826.0,2012,2014,2014
31953.0,9826.0,9850.0,2014,2015,2016
46518.0,10194.0,8455.0,2011,2016,2016
113836.0,8472.0,10260.0,2010,2011,2014
113836.0,10260.0,9825.0,2011,2015,2016
24147.0,8658.0,8659.0,2010,2012,2016
46621.0,8581.0,8306.0,2011,2016,2016
33045.0,9879.0,9798.0,2010,2013,2013
26494.0,9925.0,8659.0,2010,2011,2013
26244.0,9829.0,8481.0,2010,2012,2013
25075.0,8658.0,8472.0,2010,2012,2013
25075.0,8472.0,8659.0,2012,2014,2016
47382.0,8650.0,8654.0,2011,2012,2016
30675.0,8633.0,8564.0,2013,2014,2015
42119.0,8533.0,8600.0,2011,2012,2012
42119.0,8600.0,10179.0,2012,2013,2013
42119.0,10179.0,9851.0,2013,2014,2016
24159.0,8456.0,8472.0,2010,2012,2016
30915.0,8226.0,8593.0,2011,2013,2013
47547.0,9768.0,9906.0,2011,2013,2014
47547.0,9906.0,10269.0,2013,2015,2016
26209.0,8586.0,9850.0,2010,2012,2016
30986.0,9904.0,9790.0,2013,2014,2016
24223.0,8586.0,9879.0,2011,2013,2014
30956.0,8586.0,9879.0,2012,2014,2014
33963.0,8543.0,9850.0,2011,2013,2014
33963.0,9850.0,8306.0,2013,2015,2016
24372.0,8654.0,8191.0,2012,2015,2015
24205.0,8592.0,10172.0,2012,2014,2015
31906.0,8639.0,8177.0,2013,2015,2016
26564.0,9847.0,8564.0,2012,2015,2016
30892.0,8650.0,8654.0,2011,2013,2015
24167.0,9904.0,8721.0,2010,2012,2012
24167.0,8721.0,8165.0,2012,2013,2014
109058.0,8456.0,8472.0,2013,2014,2016
27430.0,9879.0,9829.0,2012,2015,2015
30988.0,10194.0,8344.0,2010,2014,2014
30352.0,9879.0,10252.0,2013,2015,2016
36410.0,8472.0,9825.0,2012,2013,2013
36410.0,9825.0,8721.0,2013,2014,2016
23678.0,8634.0,8654.0,2012,2015,2016
30613.0,8634.0,8455.0,2012,2015,2016
30831.0,8456.0,8650.0,2010,2013,2016
49571.0,10261.0,8197.0,2010,2014,2016
23782.0,8456.0,8668.0,2010,2013,2016
23282.0,9879.0,8659.0,2010,2011,2012
23282.0,8659.0,9798.0,2011,2013,2013
34275.0,8472.0,9850.0,2010,2013,2014
38433.0,10205.0,8535.0,2010,2013,2016
30630.0,8650.0,8639.0,2010,2012,2012
30630.0,8639.0,8654.0,2012,2013,2013
30630.0,8654.0,10252.0,2013,2014,2015
30911.0,8633.0,9829.0,2010,2014,2016
36012.0,8586.0,8668.0,2011,2012,2014
33086.0,8659.0,10252.0,2015,2016,2016
24213.0,10252.0,10194.0,2011,2013,2015
24209.0,8472.0,10172.0,2011,2012,2015
24208.0,8535.0,10252.0,2014,2015,2016
32870.0,10252.0,8661.0,2012,2013,2013
32870.0,8661.0,10252.0,2013,2014,2016
30966.0,8535.0,9875.0,2011,2012,2013
30966.0,9875.0,9790.0,2012,2014,2014
30966.0,9790.0,9817.0,2014,2015,2016
30830.0,8586.0,10194.0,2010,2012,2016
26108.0,8586.0,8472.0,2010,2015,2016
24216.0,8668.0,8678.0,2010,2015,2015
34036.0,8650.0,10194.0,2010,2016,2016
30633.0,8455.0,8197.0,2014,2015,2015
23949.0,8472.0,10252.0,2010,2011,2012
23949.0,10252.0,9879.0,2011,2013,2014
97988.0,8586.0,10194.0,2010,2012,2014
30853.0,8455.0,8564.0,2011,2014,2014
30853.0,8564.0,9906.0,2014,2015,2016
24635.0,8586.0,8654.0,2010,2011,2011
24635.0,8654.0,10252.0,2011,2012,2012
414792.0,9875.0,8472.0,2010,2013,2014
30660.0,9875.0,9823.0,2013,2015,2015
30660.0,9823.0,9875.0,2015,2016,2016
37799.0,8721.0,8658.0,2010,2011,2011
37799.0,8658.0,8581.0,2011,2012,2013
33852.0,9850.0,9783.0,2014,2015,2016
38807.0,8456.0,8650.0,2010,2016,2016
29581.0,8528.0,10252.0,2010,2011,2015
178538.0,10228.0,9772.0,2010,2014,2014
178538.0,9772.0,8466.0,2014,2015,2015
178538.0,8466.0,8635.0,2015,2016,2016
46755.0,9830.0,9991.0,2013,2016,2016
41818.0,9857.0,9804.0,2011,2012,2014
41818.0,9804.0,8203.0,2012,2015,2016
213729.0,10267.0,8370.0,2012,2013,2014
213729.0,8370.0,8306.0,2013,2015,2016
31300.0,9875.0,8636.0,2013,2014,2014
31300.0,8636.0,8592.0,2014,2015,2016
71353.0,8697.0,8302.0,2010,2013,2014
71353.0,8302.0,8635.0,2013,2015,2015
40599.0,9772.0,8558.0,2011,2013,2014
109061.0,10235.0,8342.0,2013,2014,2016
171338.0,10243.0,9985.0,2010,2015,2015
140932.0,8203.0,9985.0,2014,2016,2016
157375.0,8571.0,8342.0,2014,2016,2016
118730.0,9879.0,9985.0,2013,2014,2016
26440.0,8165.0,8342.0,2010,2014,2016
179310.0,8025.0,8342.0,2013,2014,2014
185644.0,8342.0,10267.0,2014,2015,2016
195448.0,9987.0,8635.0,2013,2016,2016
45839.0,9791.0,9987.0,2010,2013,2013
45839.0,9987.0,10000.0,2013,2014,2014
33074.0,8586.0,9879.0,2010,2011,2011
33074.0,9879.0,9984.0,2011,2012,2012
33074.0,9984.0,8342.0,2012,2013,2013
34763.0,8203.0,9991.0,2012,2014,2014
151075.0,8661.0,9991.0,2010,2012,2013
210428.0,9987.0,9875.0,2012,2014,2016
40274.0,9882.0,9931.0,2014,2015,2016
289250.0,8571.0,10233.0,2012,2015,2015
26221.0,9985.0,9830.0,2012,2013,2015
172147.0,8370.0,8342.0,2011,2012,2012
172147.0,8342.0,8370.0,2012,2013,2013
172147.0,8370.0,8603.0,2013,2014,2016
208929.0,8571.0,9991.0,2011,2014,2016
41005.0,10000.0,8342.0,2012,2014,2016
111194.0,7819.0,8571.0,2010,2011,2013
111194.0,8571.0,9984.0,2011,2014,2014
31294.0,8342.0,9905.0,2011,2013,2013
31294.0,9905.0,8593.0,2013,2014,2014
243250.0,9984.0,9994.0,2011,2014,2015
40536.0,8635.0,9931.0,2011,2013,2016
208672.0,8635.0,8571.0,2010,2011,2013
208672.0,8571.0,8588.0,2011,2014,2015
192905.0,9985.0,9873.0,2011,2012,2012
26613.0,9994.0,10000.0,2014,2015,2016
209855.0,9984.0,8571.0,2010,2015,2016
178293.0,9994.0,8342.0,2010,2013,2016
42706.0,9994.0,9987.0,2010,2013,2015
51841.0,8342.0,9905.0,2010,2012,2015
164732.0,8571.0,9991.0,2010,2011,2013
164732.0,9991.0,9987.0,2011,2014,2014
173449.0,9984.0,9768.0,2010,2012,2012
173449.0,9768.0,9991.0,2012,2013,2016
67890.0,9991.0,9831.0,2011,2013,2014
67890.0,9831.0,9985.0,2013,2015,2015
208984.0,10000.0,8639.0,2010,2013,2014
208984.0,8639.0,7819.0,2013,2015,2016
45413.0,8571.0,9991.0,2011,2013,2013
45413.0,9991.0,8533.0,2013,2014,2015
45413.0,8533.0,8686.0,2014,2016,2016
170323.0,9906.0,8455.0,2011,2015,2016
166575.0,8342.0,10233.0,2010,2015,2015
38795.0,9985.0,9904.0,2010,2013,2014
106369.0,8177.0,9905.0,2011,2013,2013
149150.0,8635.0,9994.0,2011,2014,2016
37868.0,8472.0,8650.0,2010,2014,2016
169200.0,8697.0,8721.0,2012,2014,2014
169200.0,8721.0,8456.0,2014,2015,2016
166676.0,9925.0,8466.0,2012,2013,2016
25957.0,9788.0,8226.0,2010,2013,2013
25957.0,8226.0,9985.0,2013,2014,2014
25957.0,9985.0,9987.0,2014,2015,2015
148302.0,8635.0,8654.0,2010,2014,2016
181276.0,8455.0,8659.0,2012,2013,2013
181276.0,8659.0,8668.0,2013,2014,2016
38778.0,8635.0,9864.0,2013,2014,2014
38778.0,9864.0,10217.0,2014,2015,2015
40521.0,10228.0,9991.0,2012,2014,2016
26916.0,9991.0,10000.0,2013,2015,2016
156551.0,9773.0,8456.0,2011,2014,2016
46335.0,9985.0,10000.0,2010,2012,2013
46335.0,10000.0,9994.0,2012,2014,2015
46335.0,9994.0,10000.0,2014,2016,2016
38229.0,8611.0,9879.0,2010,2012,2013
38229.0,9879.0,8640.0,2012,2014,2014
38229.0,8640.0,9768.0,2014,2015,2016
104382.0,8611.0,9864.0,2010,2014,2016
148315.0,8203.0,9985.0,2010,2011,2011
148315.0,9985.0,10252.0,2011,2012,2014
148315.0,10252.0,8650.0,2012,2015,2016
39631.0,9773.0,8635.0,2011,2015,2016
33620.0,8602.0,9985.0,2010,2011,2015
163670.0,9789.0,8721.0,2012,2013,2015
163670.0,8721.0,8636.0,2013,2016,2016
94284.0,8203.0,8571.0,2011,2014,2016
131530.0,8571.0,9991.0,2012,2015,2016
131531.0,9985.0,10000.0,2011,2012,2013
11736.0,8528.0,8668.0,2010,2014,2015
39145.0,8203.0,10000.0,2011,2015,2016
38782.0,9987.0,8342.0,2010,2015,2016
26458.0,10228.0,8277.0,2011,2014,2016
